{
  "status": "ok",
  "status_message": "Query was successful",
  "data": {
    "movie_count": 57656,
    "limit": 20,
    "page_number": 1,
    "movies": [
      {
        "id": 58576,
        "url": "https://yts.mx/movies/leo-reich-literally-who-cares-2023",
        "imdb_code": "tt29712087",
        "title": "Leo Reich: Literally Who Cares?!",
        "title_english": "Leo Reich: Literally Who Cares?!",
        "title_long": "Leo Reich: Literally Who Cares?! (2023)",
        "slug": "leo-reich-literally-who-cares-2023",
        "year": 2023,
        "rating": 5.3,
        "runtime": 66,
        "genres": ["Comedy"],
        "summary": "",
        "description_full": "",
        "synopsis": "",
        "yt_trailer_code": "KKyZXASSnzk",
        "language": "en",
        "mpa_rating": "",
        "background_image": "https://yts.mx/assets/images/movies/leo_reich_literally_who_cares_2023/background.jpg",
        "background_image_original": "https://yts.mx/assets/images/movies/leo_reich_literally_who_cares_2023/background.jpg",
        "small_cover_image": "https://yts.mx/assets/images/movies/leo_reich_literally_who_cares_2023/small-cover.jpg",
        "medium_cover_image": "https://yts.mx/assets/images/movies/leo_reich_literally_who_cares_2023/medium-cover.jpg",
        "large_cover_image": "https://yts.mx/assets/images/movies/leo_reich_literally_who_cares_2023/large-cover.jpg",
        "state": "ok",
        "torrents": [
          {
            "url": "https://yts.mx/torrent/download/CE69BCD99AF70BAC4F11115F8AD7378E34976BD9",
            "hash": "CE69BCD99AF70BAC4F11115F8AD7378E34976BD9",
            "quality": "720p",
            "type": "web",
            "is_repack": "0",
            "video_codec": "x264",
            "bit_depth": "8",
            "audio_channels": "2.0",
            "seeds": 0,
            "peers": 0,
            "size": "602.67 MB",
            "size_bytes": 631945298,
            "date_uploaded": "2023-12-18 06:55:34",
            "date_uploaded_unix": 1702878934
          },
          {
            "url": "https://yts.mx/torrent/download/F88174D06A96652C0C5CCAA69FD70686DC6FD60E",
            "hash": "F88174D06A96652C0C5CCAA69FD70686DC6FD60E",
            "quality": "1080p",
            "type": "web",
            "is_repack": "0",
            "video_codec": "x264",
            "bit_depth": "8",
            "audio_channels": "5.1",
            "seeds": 0,
            "peers": 0,
            "size": "1.2 GB",
            "size_bytes": 1288490189,
            "date_uploaded": "2023-12-18 07:40:29",
            "date_uploaded_unix": 1702881629
          }
        ],
        "date_uploaded": "2023-12-18 06:55:34",
        "date_uploaded_unix": 1702878934
      },
      {
        "id": 58575,
        "url": "https://yts.mx/movies/monica-2011",
        "imdb_code": "tt1887817",
        "title": "Monica",
        "title_english": "Monica",
        "title_long": "Monica (2011)",
        "slug": "monica-2011",
        "year": 2011,
        "rating": 5.3,
        "runtime": 124,
        "genres": ["Biography", "Drama", "Thriller"],
        "summary": "Public Prosecutor Mathur names an accused, Sandeep Mishra, and three other suspects who had arranged the homicide of Lucknow-based journalist Monica. The trio are Aseem Ray - a wealthy publisher; Pamela Grewal - a businesswoman; and Chandrakant Pandit - the former Telecom Minister and soon-to-be Chief Minister of Uttar Pradesh. With odds stacked heavily against him, Mathur presents, what is an apparent circumstantial case before a female judge, and must prove beyond a reasonable shadow of doubt, that Sandeep was directly involved - even though direct evidence indicates that the murder was committed by two unknown males, and that the deceased victim lived a dual life.—rAjOo (gunwanti@hotmail.com)",
        "description_full": "Public Prosecutor Mathur names an accused, Sandeep Mishra, and three other suspects who had arranged the homicide of Lucknow-based journalist Monica. The trio are Aseem Ray - a wealthy publisher; Pamela Grewal - a businesswoman; and Chandrakant Pandit - the former Telecom Minister and soon-to-be Chief Minister of Uttar Pradesh. With odds stacked heavily against him, Mathur presents, what is an apparent circumstantial case before a female judge, and must prove beyond a reasonable shadow of doubt, that Sandeep was directly involved - even though direct evidence indicates that the murder was committed by two unknown males, and that the deceased victim lived a dual life.—rAjOo (gunwanti@hotmail.com)",
        "synopsis": "Public Prosecutor Mathur names an accused, Sandeep Mishra, and three other suspects who had arranged the homicide of Lucknow-based journalist Monica. The trio are Aseem Ray - a wealthy publisher; Pamela Grewal - a businesswoman; and Chandrakant Pandit - the former Telecom Minister and soon-to-be Chief Minister of Uttar Pradesh. With odds stacked heavily against him, Mathur presents, what is an apparent circumstantial case before a female judge, and must prove beyond a reasonable shadow of doubt, that Sandeep was directly involved - even though direct evidence indicates that the murder was committed by two unknown males, and that the deceased victim lived a dual life.—rAjOo (gunwanti@hotmail.com)",
        "yt_trailer_code": "",
        "language": "en",
        "mpa_rating": "",
        "background_image": "https://yts.mx/assets/images/movies/monica_2011/background.jpg",
        "background_image_original": "https://yts.mx/assets/images/movies/monica_2011/background.jpg",
        "small_cover_image": "https://yts.mx/assets/images/movies/monica_2011/small-cover.jpg",
        "medium_cover_image": "https://yts.mx/assets/images/movies/monica_2011/medium-cover.jpg",
        "large_cover_image": "https://yts.mx/assets/images/movies/monica_2011/large-cover.jpg",
        "state": "ok",
        "torrents": [
          {
            "url": "https://yts.mx/torrent/download/AFD8D1F782AA7C47323A27E542678CA9F2C7C287",
            "hash": "AFD8D1F782AA7C47323A27E542678CA9F2C7C287",
            "quality": "720p",
            "type": "web",
            "is_repack": "0",
            "video_codec": "x264",
            "bit_depth": "8",
            "audio_channels": "2.0",
            "seeds": 0,
            "peers": 0,
            "size": "1.12 GB",
            "size_bytes": 1202590843,
            "date_uploaded": "2023-12-18 05:15:39",
            "date_uploaded_unix": 1702872939
          },
          {
            "url": "https://yts.mx/torrent/download/4BFFDBCB0F8A1C90A62C08A71AB32AB7544B0E3E",
            "hash": "4BFFDBCB0F8A1C90A62C08A71AB32AB7544B0E3E",
            "quality": "1080p",
            "type": "web",
            "is_repack": "0",
            "video_codec": "x264",
            "bit_depth": "8",
            "audio_channels": "2.0",
            "seeds": 0,
            "peers": 0,
            "size": "2.08 GB",
            "size_bytes": 2233382994,
            "date_uploaded": "2023-12-18 06:30:26",
            "date_uploaded_unix": 1702877426
          }
        ],
        "date_uploaded": "2023-12-18 05:15:39",
        "date_uploaded_unix": 1702872939
      },
      {
        "id": 58574,
        "url": "https://yts.mx/movies/the-ghost-station-2022",
        "imdb_code": "tt22505124",
        "title": "The Ghost Station",
        "title_english": "The Ghost Station",
        "title_long": "The Ghost Station (2022)",
        "slug": "the-ghost-station-2022",
        "year": 2022,
        "rating": 4.4,
        "runtime": 80,
        "genres": ["Horror", "Mystery", "Thriller"],
        "summary": "",
        "description_full": "",
        "synopsis": "",
        "yt_trailer_code": "ErvYp68Qp1A",
        "language": "ko",
        "mpa_rating": "",
        "background_image": "https://yts.mx/assets/images/movies/the_ghost_station_2022/background.jpg",
        "background_image_original": "https://yts.mx/assets/images/movies/the_ghost_station_2022/background.jpg",
        "small_cover_image": "https://yts.mx/assets/images/movies/the_ghost_station_2022/small-cover.jpg",
        "medium_cover_image": "https://yts.mx/assets/images/movies/the_ghost_station_2022/medium-cover.jpg",
        "large_cover_image": "https://yts.mx/assets/images/movies/the_ghost_station_2022/large-cover.jpg",
        "state": "ok",
        "torrents": [
          {
            "url": "https://yts.mx/torrent/download/61A1E44C2D1A240775B986B35D10088217B9D796",
            "hash": "61A1E44C2D1A240775B986B35D10088217B9D796",
            "quality": "720p",
            "type": "bluray",
            "is_repack": "0",
            "video_codec": "x264",
            "bit_depth": "8",
            "audio_channels": "2.0",
            "seeds": 0,
            "peers": 0,
            "size": "740.92 MB",
            "size_bytes": 776910930,
            "date_uploaded": "2023-12-17 23:25:09",
            "date_uploaded_unix": 1702851909
          },
          {
            "url": "https://yts.mx/torrent/download/321D5358E1FFE35C0B4C9F144C4CDABB3DDD327A",
            "hash": "321D5358E1FFE35C0B4C9F144C4CDABB3DDD327A",
            "quality": "1080p",
            "type": "bluray",
            "is_repack": "0",
            "video_codec": "x264",
            "bit_depth": "8",
            "audio_channels": "5.1",
            "seeds": 0,
            "peers": 0,
            "size": "1.48 GB",
            "size_bytes": 1589137900,
            "date_uploaded": "2023-12-18 00:19:38",
            "date_uploaded_unix": 1702855178
          }
        ],
        "date_uploaded": "2023-12-17 23:25:09",
        "date_uploaded_unix": 1702851909
      },
      {
        "id": 58573,
        "url": "https://yts.mx/movies/the-mystery-of-padre-pio-2018",
        "imdb_code": "tt10467354",
        "title": "The Mystery of Padre Pio",
        "title_english": "The Mystery of Padre Pio",
        "title_long": "The Mystery of Padre Pio (2018)",
        "slug": "the-mystery-of-padre-pio-2018",
        "year": 2018,
        "rating": 7.1,
        "runtime": 80,
        "genres": ["Documentary"],
        "summary": "",
        "description_full": "",
        "synopsis": "",
        "yt_trailer_code": "",
        "language": "es",
        "mpa_rating": "",
        "background_image": "https://yts.mx/assets/images/movies/the_mystery_of_padre_pio_2018/background.jpg",
        "background_image_original": "https://yts.mx/assets/images/movies/the_mystery_of_padre_pio_2018/background.jpg",
        "small_cover_image": "https://yts.mx/assets/images/movies/the_mystery_of_padre_pio_2018/small-cover.jpg",
        "medium_cover_image": "https://yts.mx/assets/images/movies/the_mystery_of_padre_pio_2018/medium-cover.jpg",
        "large_cover_image": "https://yts.mx/assets/images/movies/the_mystery_of_padre_pio_2018/large-cover.jpg",
        "state": "ok",
        "torrents": [
          {
            "url": "https://yts.mx/torrent/download/B3F081C6F01EB829A5AB8516163DD2F6711EECD9",
            "hash": "B3F081C6F01EB829A5AB8516163DD2F6711EECD9",
            "quality": "720p",
            "type": "web",
            "is_repack": "0",
            "video_codec": "x264",
            "bit_depth": "8",
            "audio_channels": "2.0",
            "seeds": 0,
            "peers": 0,
            "size": "698.65 MB",
            "size_bytes": 732587622,
            "date_uploaded": "2023-12-17 20:05:53",
            "date_uploaded_unix": 1702839953
          },
          {
            "url": "https://yts.mx/torrent/download/D48A891333050341705A0C1E8D91B49136516C34",
            "hash": "D48A891333050341705A0C1E8D91B49136516C34",
            "quality": "1080p",
            "type": "web",
            "is_repack": "0",
            "video_codec": "x264",
            "bit_depth": "8",
            "audio_channels": "5.1",
            "seeds": 0,
            "peers": 0,
            "size": "1.4 GB",
            "size_bytes": 1503238554,
            "date_uploaded": "2023-12-17 20:45:09",
            "date_uploaded_unix": 1702842309
          }
        ],
        "date_uploaded": "2023-12-17 20:05:53",
        "date_uploaded_unix": 1702839953
      },
      {
        "id": 58572,
        "url": "https://yts.mx/movies/quid-games-2023",
        "imdb_code": "tt18716808",
        "title": "Quid Games",
        "title_english": "Quid Games",
        "title_long": "Quid Games (2023)",
        "slug": "quid-games-2023",
        "year": 2023,
        "rating": 3.5,
        "runtime": 0,
        "genres": ["Action", "Horror", "Mystery", "Thriller"],
        "summary": "",
        "description_full": "",
        "synopsis": "",
        "yt_trailer_code": "",
        "language": "en",
        "mpa_rating": "",
        "background_image": "https://yts.mx/assets/images/movies/quid_games_2023/background.jpg",
        "background_image_original": "https://yts.mx/assets/images/movies/quid_games_2023/background.jpg",
        "small_cover_image": "https://yts.mx/assets/images/movies/quid_games_2023/small-cover.jpg",
        "medium_cover_image": "https://yts.mx/assets/images/movies/quid_games_2023/medium-cover.jpg",
        "large_cover_image": "https://yts.mx/assets/images/movies/quid_games_2023/large-cover.jpg",
        "state": "ok",
        "torrents": [
          {
            "url": "https://yts.mx/torrent/download/7CA9A3058DE1C24CA5DC0B2076AA5B8836C1861C",
            "hash": "7CA9A3058DE1C24CA5DC0B2076AA5B8836C1861C",
            "quality": "720p",
            "type": "web",
            "is_repack": "0",
            "video_codec": "x264",
            "bit_depth": "8",
            "audio_channels": "2.0",
            "seeds": 0,
            "peers": 0,
            "size": "693.81 MB",
            "size_bytes": 727512515,
            "date_uploaded": "2023-12-17 14:18:18",
            "date_uploaded_unix": 1702819098
          },
          {
            "url": "https://yts.mx/torrent/download/01B9B6ECD409DFBC999798B91EF5C216480E8298",
            "hash": "01B9B6ECD409DFBC999798B91EF5C216480E8298",
            "quality": "1080p",
            "type": "web",
            "is_repack": "0",
            "video_codec": "x264",
            "bit_depth": "8",
            "audio_channels": "2.0",
            "seeds": 100,
            "peers": 38,
            "size": "1.26 GB",
            "size_bytes": 1352914698,
            "date_uploaded": "2023-12-17 15:08:02",
            "date_uploaded_unix": 1702822082
          }
        ],
        "date_uploaded": "2023-12-17 14:18:18",
        "date_uploaded_unix": 1702819098
      },
      {
        "id": 58571,
        "url": "https://yts.mx/movies/spaghetti-2023",
        "imdb_code": "tt17081088",
        "title": "Spaghetti",
        "title_english": "Spaghetti",
        "title_long": "Spaghetti (2023)",
        "slug": "spaghetti-2023",
        "year": 2023,
        "rating": 6.9,
        "runtime": 0,
        "genres": ["Horror"],
        "summary": "Nurse Lena Simon seems to have found the perfect man in savvy businessman Scotty Sharpe, but when she suspects him of seeing someone else she takes the unusual advice of her best friend Toni and does a voodoo spell on him. The spell transforms him into a loving and attentive partner, but it also triggers memories that Scotty has buried...with terrifying results.—Skinfly Ent.",
        "description_full": "Nurse Lena Simon seems to have found the perfect man in savvy businessman Scotty Sharpe, but when she suspects him of seeing someone else she takes the unusual advice of her best friend Toni and does a voodoo spell on him. The spell transforms him into a loving and attentive partner, but it also triggers memories that Scotty has buried...with terrifying results.—Skinfly Ent.",
        "synopsis": "Nurse Lena Simon seems to have found the perfect man in savvy businessman Scotty Sharpe, but when she suspects him of seeing someone else she takes the unusual advice of her best friend Toni and does a voodoo spell on him. The spell transforms him into a loving and attentive partner, but it also triggers memories that Scotty has buried...with terrifying results.—Skinfly Ent.",
        "yt_trailer_code": "DLE_p_6QUfY",
        "language": "en",
        "mpa_rating": "",
        "background_image": "https://yts.mx/assets/images/movies/spaghetti_2023/background.jpg",
        "background_image_original": "https://yts.mx/assets/images/movies/spaghetti_2023/background.jpg",
        "small_cover_image": "https://yts.mx/assets/images/movies/spaghetti_2023/small-cover.jpg",
        "medium_cover_image": "https://yts.mx/assets/images/movies/spaghetti_2023/medium-cover.jpg",
        "large_cover_image": "https://yts.mx/assets/images/movies/spaghetti_2023/large-cover.jpg",
        "state": "ok",
        "torrents": [
          {
            "url": "https://yts.mx/torrent/download/D25799BE0FBA2DBACCAC14A719CC69D8218B858F",
            "hash": "D25799BE0FBA2DBACCAC14A719CC69D8218B858F",
            "quality": "720p",
            "type": "web",
            "is_repack": "0",
            "video_codec": "x264",
            "bit_depth": "8",
            "audio_channels": "2.0",
            "seeds": 0,
            "peers": 0,
            "size": "750.09 MB",
            "size_bytes": 786526372,
            "date_uploaded": "2023-12-17 12:56:11",
            "date_uploaded_unix": 1702814171
          },
          {
            "url": "https://yts.mx/torrent/download/E39AF22AF45ABF6D7F98D854A5D5D19F6ED6B258",
            "hash": "E39AF22AF45ABF6D7F98D854A5D5D19F6ED6B258",
            "quality": "1080p",
            "type": "web",
            "is_repack": "0",
            "video_codec": "x264",
            "bit_depth": "8",
            "audio_channels": "2.0",
            "seeds": 0,
            "peers": 0,
            "size": "1.36 GB",
            "size_bytes": 1460288881,
            "date_uploaded": "2023-12-17 13:48:45",
            "date_uploaded_unix": 1702817325
          },
          {
            "url": "https://yts.mx/torrent/download/882D57636B841A9C4BFED9AF750EA72996E68FCC",
            "hash": "882D57636B841A9C4BFED9AF750EA72996E68FCC",
            "quality": "1080p",
            "type": "web",
            "is_repack": "0",
            "video_codec": "x265",
            "bit_depth": "10",
            "audio_channels": "2.0",
            "seeds": 0,
            "peers": 0,
            "size": "1.56 GB",
            "size_bytes": 1675037245,
            "date_uploaded": "2023-12-18 11:13:09",
            "date_uploaded_unix": 1702894389
          }
        ],
        "date_uploaded": "2023-12-17 12:56:11",
        "date_uploaded_unix": 1702814171
      },
      {
        "id": 58570,
        "url": "https://yts.mx/movies/the-beast-of-bodmin-moor-2022",
        "imdb_code": "tt14803002",
        "title": "The Beast of Bodmin Moor",
        "title_english": "The Beast of Bodmin Moor",
        "title_long": "The Beast of Bodmin Moor (2022)",
        "slug": "the-beast-of-bodmin-moor-2022",
        "year": 2022,
        "rating": 3.2,
        "runtime": 78,
        "genres": ["Fantasy", "Horror", "Mystery", "Thriller"],
        "summary": "",
        "description_full": "",
        "synopsis": "",
        "yt_trailer_code": "",
        "language": "en",
        "mpa_rating": "",
        "background_image": "https://yts.mx/assets/images/movies/the_beast_of_bodmin_moor_2022/background.jpg",
        "background_image_original": "https://yts.mx/assets/images/movies/the_beast_of_bodmin_moor_2022/background.jpg",
        "small_cover_image": "https://yts.mx/assets/images/movies/the_beast_of_bodmin_moor_2022/small-cover.jpg",
        "medium_cover_image": "https://yts.mx/assets/images/movies/the_beast_of_bodmin_moor_2022/medium-cover.jpg",
        "large_cover_image": "https://yts.mx/assets/images/movies/the_beast_of_bodmin_moor_2022/large-cover.jpg",
        "state": "ok",
        "torrents": [
          {
            "url": "https://yts.mx/torrent/download/5075882326EDF112B3AF9153A2D5C48E70484C20",
            "hash": "5075882326EDF112B3AF9153A2D5C48E70484C20",
            "quality": "720p",
            "type": "web",
            "is_repack": "0",
            "video_codec": "x264",
            "bit_depth": "8",
            "audio_channels": "2.0",
            "seeds": 62,
            "peers": 11,
            "size": "716.45 MB",
            "size_bytes": 751252275,
            "date_uploaded": "2023-12-17 11:05:09",
            "date_uploaded_unix": 1702807509
          },
          {
            "url": "https://yts.mx/torrent/download/95FDAD3FD50D1A07E4CFB50529EE72628FC393BD",
            "hash": "95FDAD3FD50D1A07E4CFB50529EE72628FC393BD",
            "quality": "1080p",
            "type": "web",
            "is_repack": "0",
            "video_codec": "x264",
            "bit_depth": "8",
            "audio_channels": "2.0",
            "seeds": 0,
            "peers": 0,
            "size": "1.3 GB",
            "size_bytes": 1395864371,
            "date_uploaded": "2023-12-17 11:44:51",
            "date_uploaded_unix": 1702809891
          }
        ],
        "date_uploaded": "2023-12-17 11:05:09",
        "date_uploaded_unix": 1702807509
      },
      {
        "id": 58569,
        "url": "https://yts.mx/movies/locura-de-amor-1948",
        "imdb_code": "tt0040544",
        "title": "Locura de amor",
        "title_english": "Locura de amor",
        "title_long": "Locura de amor (1948)",
        "slug": "locura-de-amor-1948",
        "year": 1948,
        "rating": 6.1,
        "runtime": 112,
        "genres": ["Drama"],
        "summary": "",
        "description_full": "",
        "synopsis": "",
        "yt_trailer_code": "",
        "language": "es",
        "mpa_rating": "",
        "background_image": "https://yts.mx/assets/images/movies/locura_de_amor_1948/background.jpg",
        "background_image_original": "https://yts.mx/assets/images/movies/locura_de_amor_1948/background.jpg",
        "small_cover_image": "https://yts.mx/assets/images/movies/locura_de_amor_1948/small-cover.jpg",
        "medium_cover_image": "https://yts.mx/assets/images/movies/locura_de_amor_1948/medium-cover.jpg",
        "large_cover_image": "https://yts.mx/assets/images/movies/locura_de_amor_1948/large-cover.jpg",
        "state": "ok",
        "torrents": [
          {
            "url": "https://yts.mx/torrent/download/36153D9213E756223C8085C920278D561CE5AE88",
            "hash": "36153D9213E756223C8085C920278D561CE5AE88",
            "quality": "720p",
            "type": "bluray",
            "is_repack": "0",
            "video_codec": "x264",
            "bit_depth": "8",
            "audio_channels": "2.0",
            "seeds": 31,
            "peers": 8,
            "size": "1.01 GB",
            "size_bytes": 1084479242,
            "date_uploaded": "2023-12-17 11:43:14",
            "date_uploaded_unix": 1702809794
          },
          {
            "url": "https://yts.mx/torrent/download/2EE8400B3F66CBD04C4B20B7A54393A0B3E2E665",
            "hash": "2EE8400B3F66CBD04C4B20B7A54393A0B3E2E665",
            "quality": "1080p",
            "type": "bluray",
            "is_repack": "0",
            "video_codec": "x264",
            "bit_depth": "8",
            "audio_channels": "5.1",
            "seeds": 48,
            "peers": 19,
            "size": "2.07 GB",
            "size_bytes": 2222645576,
            "date_uploaded": "2023-12-17 12:50:29",
            "date_uploaded_unix": 1702813829
          }
        ],
        "date_uploaded": "2023-12-17 11:43:14",
        "date_uploaded_unix": 1702809794
      },
      {
        "id": 58568,
        "url": "https://yts.mx/movies/freedoms-path-2022",
        "imdb_code": "tt9378692",
        "title": "Freedom's Path",
        "title_english": "Freedom's Path",
        "title_long": "Freedom's Path (2022)",
        "slug": "freedoms-path-2022",
        "year": 2022,
        "rating": 6.3,
        "runtime": 131,
        "genres": ["Drama", "History", "War"],
        "summary": "",
        "description_full": "",
        "synopsis": "",
        "yt_trailer_code": "HOY6aApoVQc",
        "language": "en",
        "mpa_rating": "",
        "background_image": "https://yts.mx/assets/images/movies/freedoms_path_2022/background.jpg",
        "background_image_original": "https://yts.mx/assets/images/movies/freedoms_path_2022/background.jpg",
        "small_cover_image": "https://yts.mx/assets/images/movies/freedoms_path_2022/small-cover.jpg",
        "medium_cover_image": "https://yts.mx/assets/images/movies/freedoms_path_2022/medium-cover.jpg",
        "large_cover_image": "https://yts.mx/assets/images/movies/freedoms_path_2022/large-cover.jpg",
        "state": "ok",
        "torrents": [
          {
            "url": "https://yts.mx/torrent/download/F5017BC767DC50B236079DC546E4F0C33FE6E78B",
            "hash": "F5017BC767DC50B236079DC546E4F0C33FE6E78B",
            "quality": "720p",
            "type": "web",
            "is_repack": "0",
            "video_codec": "x264",
            "bit_depth": "8",
            "audio_channels": "2.0",
            "seeds": 0,
            "peers": 0,
            "size": "1.18 GB",
            "size_bytes": 1267015352,
            "date_uploaded": "2023-12-17 09:23:03",
            "date_uploaded_unix": 1702801383
          },
          {
            "url": "https://yts.mx/torrent/download/965E3DFDF5F6ADFBDBE438C315A27AAB09D2573E",
            "hash": "965E3DFDF5F6ADFBDBE438C315A27AAB09D2573E",
            "quality": "1080p",
            "type": "web",
            "is_repack": "0",
            "video_codec": "x264",
            "bit_depth": "8",
            "audio_channels": "5.1",
            "seeds": 100,
            "peers": 63,
            "size": "2.43 GB",
            "size_bytes": 2609192632,
            "date_uploaded": "2023-12-17 10:46:47",
            "date_uploaded_unix": 1702806407
          }
        ],
        "date_uploaded": "2023-12-17 09:23:03",
        "date_uploaded_unix": 1702801383
      },
      {
        "id": 58567,
        "url": "https://yts.mx/movies/the-dead-and-the-damned-2011",
        "imdb_code": "tt1565441",
        "title": "The Dead and the Damned",
        "title_english": "The Dead and the Damned",
        "title_long": "The Dead and the Damned (2011)",
        "slug": "the-dead-and-the-damned-2011",
        "year": 2011,
        "rating": 3.1,
        "runtime": 82,
        "genres": ["Horror", "Sci-Fi", "Thriller", "Western"],
        "summary": "California gold rush, late 1800's: A gun slinging bounty hunter (Mortimer) travels deep into the mountains to find a deadly Apache warrior (Brother Wolf) who is wanted by the law. Along the way he passes through a gold mining Town. The miners help direct Mortimer to the Apache and send him on his way. Mortimer enters the forest and begins to track the Apache. Back in town, the miners un-earth an ancient meteor. They use their pick axes to crack it open. A section of the meteor splits apart and spores explode out of it. The spore surround and infect the entire population of the mining camp. They are transformed into ravenous mutants. After a vicious battle against the Apache warrior, Mortimer exits the forest with his prisoner in shackles. They hike back to the mining town to find them selves surrounded by a horde of blood thirsty mutants. Now Mortimer the gun slinger and Brother Wolf the Warrior must join together to survive the mutant hordes. What ensues is a bloodbath of horror for the Dead and the Damned.",
        "description_full": "California gold rush, late 1800's: A gun slinging bounty hunter (Mortimer) travels deep into the mountains to find a deadly Apache warrior (Brother Wolf) who is wanted by the law. Along the way he passes through a gold mining Town. The miners help direct Mortimer to the Apache and send him on his way. Mortimer enters the forest and begins to track the Apache. Back in town, the miners un-earth an ancient meteor. They use their pick axes to crack it open. A section of the meteor splits apart and spores explode out of it. The spore surround and infect the entire population of the mining camp. They are transformed into ravenous mutants. After a vicious battle against the Apache warrior, Mortimer exits the forest with his prisoner in shackles. They hike back to the mining town to find them selves surrounded by a horde of blood thirsty mutants. Now Mortimer the gun slinger and Brother Wolf the Warrior must join together to survive the mutant hordes. What ensues is a bloodbath of horror for the Dead and the Damned.",
        "synopsis": "California gold rush, late 1800's: A gun slinging bounty hunter (Mortimer) travels deep into the mountains to find a deadly Apache warrior (Brother Wolf) who is wanted by the law. Along the way he passes through a gold mining Town. The miners help direct Mortimer to the Apache and send him on his way. Mortimer enters the forest and begins to track the Apache. Back in town, the miners un-earth an ancient meteor. They use their pick axes to crack it open. A section of the meteor splits apart and spores explode out of it. The spore surround and infect the entire population of the mining camp. They are transformed into ravenous mutants. After a vicious battle against the Apache warrior, Mortimer exits the forest with his prisoner in shackles. They hike back to the mining town to find them selves surrounded by a horde of blood thirsty mutants. Now Mortimer the gun slinger and Brother Wolf the Warrior must join together to survive the mutant hordes. What ensues is a bloodbath of horror for the Dead and the Damned.",
        "yt_trailer_code": "XPLWTwgMcq8",
        "language": "en",
        "mpa_rating": "R",
        "background_image": "https://yts.mx/assets/images/movies/the_dead_and_the_damned_2011/background.jpg",
        "background_image_original": "https://yts.mx/assets/images/movies/the_dead_and_the_damned_2011/background.jpg",
        "small_cover_image": "https://yts.mx/assets/images/movies/the_dead_and_the_damned_2011/small-cover.jpg",
        "medium_cover_image": "https://yts.mx/assets/images/movies/the_dead_and_the_damned_2011/medium-cover.jpg",
        "large_cover_image": "https://yts.mx/assets/images/movies/the_dead_and_the_damned_2011/large-cover.jpg",
        "state": "ok",
        "torrents": [
          {
            "url": "https://yts.mx/torrent/download/5A37DB1AC78D3D647EA79B7A04C757C96A055D35",
            "hash": "5A37DB1AC78D3D647EA79B7A04C757C96A055D35",
            "quality": "720p",
            "type": "bluray",
            "is_repack": "0",
            "video_codec": "x264",
            "bit_depth": "8",
            "audio_channels": "2.0",
            "seeds": 71,
            "peers": 7,
            "size": "784.86 MB",
            "size_bytes": 822985359,
            "date_uploaded": "2023-12-17 06:54:51",
            "date_uploaded_unix": 1702792491
          },
          {
            "url": "https://yts.mx/torrent/download/E48098C76FF19749C0DB0A4A24083C6FE7F5939A",
            "hash": "E48098C76FF19749C0DB0A4A24083C6FE7F5939A",
            "quality": "1080p",
            "type": "bluray",
            "is_repack": "0",
            "video_codec": "x264",
            "bit_depth": "8",
            "audio_channels": "5.1",
            "seeds": 0,
            "peers": 0,
            "size": "1.57 GB",
            "size_bytes": 1685774664,
            "date_uploaded": "2023-12-17 07:58:26",
            "date_uploaded_unix": 1702796306
          }
        ],
        "date_uploaded": "2023-12-17 06:54:51",
        "date_uploaded_unix": 1702792491
      },
      {
        "id": 58566,
        "url": "https://yts.mx/movies/lee-kernaghan-boy-from-the-bush-2022",
        "imdb_code": "tt21476988",
        "title": "Lee Kernaghan: Boy from the Bush",
        "title_english": "Lee Kernaghan: Boy from the Bush",
        "title_long": "Lee Kernaghan: Boy from the Bush (2022)",
        "slug": "lee-kernaghan-boy-from-the-bush-2022",
        "year": 2022,
        "rating": 7.8,
        "runtime": 100,
        "genres": ["Music"],
        "summary": "",
        "description_full": "",
        "synopsis": "",
        "yt_trailer_code": "D8yXc9wk9QU",
        "language": "en",
        "mpa_rating": "",
        "background_image": "https://yts.mx/assets/images/movies/lee_kernaghan_boy_from_the_bush_2022/background.jpg",
        "background_image_original": "https://yts.mx/assets/images/movies/lee_kernaghan_boy_from_the_bush_2022/background.jpg",
        "small_cover_image": "https://yts.mx/assets/images/movies/lee_kernaghan_boy_from_the_bush_2022/small-cover.jpg",
        "medium_cover_image": "https://yts.mx/assets/images/movies/lee_kernaghan_boy_from_the_bush_2022/medium-cover.jpg",
        "large_cover_image": "https://yts.mx/assets/images/movies/lee_kernaghan_boy_from_the_bush_2022/large-cover.jpg",
        "state": "ok",
        "torrents": [
          {
            "url": "https://yts.mx/torrent/download/36B7B699B6939602C51DFF7F35492386514C9F52",
            "hash": "36B7B699B6939602C51DFF7F35492386514C9F52",
            "quality": "720p",
            "type": "bluray",
            "is_repack": "0",
            "video_codec": "x264",
            "bit_depth": "8",
            "audio_channels": "2.0",
            "seeds": 62,
            "peers": 4,
            "size": "921.1 MB",
            "size_bytes": 965843354,
            "date_uploaded": "2023-12-17 06:58:11",
            "date_uploaded_unix": 1702792691
          },
          {
            "url": "https://yts.mx/torrent/download/671165178A86265B8555E736036ABA9FD0109406",
            "hash": "671165178A86265B8555E736036ABA9FD0109406",
            "quality": "1080p",
            "type": "bluray",
            "is_repack": "0",
            "video_codec": "x264",
            "bit_depth": "8",
            "audio_channels": "5.1",
            "seeds": 72,
            "peers": 29,
            "size": "1.85 GB",
            "size_bytes": 1986422374,
            "date_uploaded": "2023-12-17 07:59:35",
            "date_uploaded_unix": 1702796375
          }
        ],
        "date_uploaded": "2023-12-17 06:58:11",
        "date_uploaded_unix": 1702792691
      },
      {
        "id": 58565,
        "url": "https://yts.mx/movies/daughter-of-the-jungle-1949",
        "imdb_code": "tt0041281",
        "title": "Daughter of the Jungle",
        "title_english": "Daughter of the Jungle",
        "title_long": "Daughter of the Jungle (1949)",
        "slug": "daughter-of-the-jungle-1949",
        "year": 1949,
        "rating": 4.4,
        "runtime": 69,
        "genres": ["Adventure"],
        "summary": "An airplane carrying a pair of police officers escorting gangsters to prison crash-lands in the African jungle. They are rescued from an attack by savage natives by a white woman who appears out of nowhere, and it turns out she is a lost heiress who herself crash-landed in the jungle years before.—frankfob2@yahoo.com",
        "description_full": "An airplane carrying a pair of police officers escorting gangsters to prison crash-lands in the African jungle. They are rescued from an attack by savage natives by a white woman who appears out of nowhere, and it turns out she is a lost heiress who herself crash-landed in the jungle years before.—frankfob2@yahoo.com",
        "synopsis": "An airplane carrying a pair of police officers escorting gangsters to prison crash-lands in the African jungle. They are rescued from an attack by savage natives by a white woman who appears out of nowhere, and it turns out she is a lost heiress who herself crash-landed in the jungle years before.—frankfob2@yahoo.com",
        "yt_trailer_code": "",
        "language": "en",
        "mpa_rating": "",
        "background_image": "https://yts.mx/assets/images/movies/daughter_of_the_jungle_1949/background.jpg",
        "background_image_original": "https://yts.mx/assets/images/movies/daughter_of_the_jungle_1949/background.jpg",
        "small_cover_image": "https://yts.mx/assets/images/movies/daughter_of_the_jungle_1949/small-cover.jpg",
        "medium_cover_image": "https://yts.mx/assets/images/movies/daughter_of_the_jungle_1949/medium-cover.jpg",
        "large_cover_image": "https://yts.mx/assets/images/movies/daughter_of_the_jungle_1949/large-cover.jpg",
        "state": "ok",
        "torrents": [
          {
            "url": "https://yts.mx/torrent/download/37767681294973E69884D3D892CE9AA99672037A",
            "hash": "37767681294973E69884D3D892CE9AA99672037A",
            "quality": "720p",
            "type": "bluray",
            "is_repack": "0",
            "video_codec": "x264",
            "bit_depth": "8",
            "audio_channels": "2.0",
            "seeds": 44,
            "peers": 15,
            "size": "736.62 MB",
            "size_bytes": 772402053,
            "date_uploaded": "2023-12-17 03:31:25",
            "date_uploaded_unix": 1702780285
          },
          {
            "url": "https://yts.mx/torrent/download/AC421335ED82D91835CF5033A19E277D805BDC93",
            "hash": "AC421335ED82D91835CF5033A19E277D805BDC93",
            "quality": "1080p",
            "type": "bluray",
            "is_repack": "0",
            "video_codec": "x264",
            "bit_depth": "8",
            "audio_channels": "2.0",
            "seeds": 93,
            "peers": 24,
            "size": "1.34 GB",
            "size_bytes": 1438814044,
            "date_uploaded": "2023-12-17 04:23:42",
            "date_uploaded_unix": 1702783422
          }
        ],
        "date_uploaded": "2023-12-17 03:31:25",
        "date_uploaded_unix": 1702780285
      },
      {
        "id": 58564,
        "url": "https://yts.mx/movies/13-west-street-1962",
        "imdb_code": "tt0055718",
        "title": "13 West Street",
        "title_english": "13 West Street",
        "title_long": "13 West Street (1962)",
        "slug": "13-west-street-1962",
        "year": 1962,
        "rating": 6.3,
        "runtime": 80,
        "genres": ["Crime", "Drama"],
        "summary": "Walt Sherill is a mild-mannered space engineer who is a victim of a vicious \"for kicks\" assault by a teen-age gang. Increasingly obsessed by his desire for revenge, Sherill embarks on a manhunt of his own, and hampers the efforts of Detective Sergeant Pete Koleski, consequently causing some avoidable deaths.—Les Adams",
        "description_full": "Walt Sherill is a mild-mannered space engineer who is a victim of a vicious \"for kicks\" assault by a teen-age gang. Increasingly obsessed by his desire for revenge, Sherill embarks on a manhunt of his own, and hampers the efforts of Detective Sergeant Pete Koleski, consequently causing some avoidable deaths.—Les Adams",
        "synopsis": "Walt Sherill is a mild-mannered space engineer who is a victim of a vicious \"for kicks\" assault by a teen-age gang. Increasingly obsessed by his desire for revenge, Sherill embarks on a manhunt of his own, and hampers the efforts of Detective Sergeant Pete Koleski, consequently causing some avoidable deaths.—Les Adams",
        "yt_trailer_code": "",
        "language": "en",
        "mpa_rating": "",
        "background_image": "https://yts.mx/assets/images/movies/13_west_street_1962/background.jpg",
        "background_image_original": "https://yts.mx/assets/images/movies/13_west_street_1962/background.jpg",
        "small_cover_image": "https://yts.mx/assets/images/movies/13_west_street_1962/small-cover.jpg",
        "medium_cover_image": "https://yts.mx/assets/images/movies/13_west_street_1962/medium-cover.jpg",
        "large_cover_image": "https://yts.mx/assets/images/movies/13_west_street_1962/large-cover.jpg",
        "state": "ok",
        "torrents": [
          {
            "url": "https://yts.mx/torrent/download/056D3DA908FAD66B4B8660DF23E1E5F671F6328F",
            "hash": "056D3DA908FAD66B4B8660DF23E1E5F671F6328F",
            "quality": "720p",
            "type": "bluray",
            "is_repack": "0",
            "video_codec": "x264",
            "bit_depth": "8",
            "audio_channels": "2.0",
            "seeds": 48,
            "peers": 6,
            "size": "734.28 MB",
            "size_bytes": 769948385,
            "date_uploaded": "2023-12-17 01:48:05",
            "date_uploaded_unix": 1702774085
          },
          {
            "url": "https://yts.mx/torrent/download/9A74918E768BA132E1CB15F00A44FCF67038565A",
            "hash": "9A74918E768BA132E1CB15F00A44FCF67038565A",
            "quality": "1080p",
            "type": "bluray",
            "is_repack": "0",
            "video_codec": "x264",
            "bit_depth": "8",
            "audio_channels": "2.0",
            "seeds": 91,
            "peers": 19,
            "size": "1.33 GB",
            "size_bytes": 1428076626,
            "date_uploaded": "2023-12-17 02:49:45",
            "date_uploaded_unix": 1702777785
          }
        ],
        "date_uploaded": "2023-12-17 01:48:05",
        "date_uploaded_unix": 1702774085
      },
      {
        "id": 58563,
        "url": "https://yts.mx/movies/santa-swap-merry-christmas-mr-andersen-2016",
        "imdb_code": "tt5531536",
        "title": "Santa Swap: Merry Christmas Mr. Andersen",
        "title_english": "Santa Swap: Merry Christmas Mr. Andersen",
        "title_long": "Santa Swap: Merry Christmas Mr. Andersen (2016)",
        "slug": "santa-swap-merry-christmas-mr-andersen-2016",
        "year": 2016,
        "rating": 6.3,
        "runtime": 70,
        "genres": ["Adventure", "Comedy", "Family"],
        "summary": "",
        "description_full": "",
        "synopsis": "",
        "yt_trailer_code": "CPnLxSWB3qM",
        "language": "no",
        "mpa_rating": "",
        "background_image": "https://yts.mx/assets/images/movies/santa_swap_merry_christmas_mr_andersen_2016/background.jpg",
        "background_image_original": "https://yts.mx/assets/images/movies/santa_swap_merry_christmas_mr_andersen_2016/background.jpg",
        "small_cover_image": "https://yts.mx/assets/images/movies/santa_swap_merry_christmas_mr_andersen_2016/small-cover.jpg",
        "medium_cover_image": "https://yts.mx/assets/images/movies/santa_swap_merry_christmas_mr_andersen_2016/medium-cover.jpg",
        "large_cover_image": "https://yts.mx/assets/images/movies/santa_swap_merry_christmas_mr_andersen_2016/large-cover.jpg",
        "state": "ok",
        "torrents": [
          {
            "url": "https://yts.mx/torrent/download/D2BC5DBFD44812A1F166D855607187568F0F3611",
            "hash": "D2BC5DBFD44812A1F166D855607187568F0F3611",
            "quality": "720p",
            "type": "bluray",
            "is_repack": "0",
            "video_codec": "x264",
            "bit_depth": "8",
            "audio_channels": "2.0",
            "seeds": 0,
            "peers": 0,
            "size": "646.15 MB",
            "size_bytes": 677537382,
            "date_uploaded": "2023-12-17 01:57:54",
            "date_uploaded_unix": 1702774674
          },
          {
            "url": "https://yts.mx/torrent/download/3AAD9075ECEDB2521CB1996EC7F66DE9E71F9185",
            "hash": "3AAD9075ECEDB2521CB1996EC7F66DE9E71F9185",
            "quality": "1080p",
            "type": "bluray",
            "is_repack": "0",
            "video_codec": "x264",
            "bit_depth": "8",
            "audio_channels": "5.1",
            "seeds": 40,
            "peers": 8,
            "size": "1.29 GB",
            "size_bytes": 1385126953,
            "date_uploaded": "2023-12-17 02:47:16",
            "date_uploaded_unix": 1702777636
          }
        ],
        "date_uploaded": "2023-12-17 01:57:54",
        "date_uploaded_unix": 1702774674
      },
      {
        "id": 58562,
        "url": "https://yts.mx/movies/the-secret-gift-of-christmas-2023",
        "imdb_code": "tt28753331",
        "title": "The Secret Gift of Christmas",
        "title_english": "The Secret Gift of Christmas",
        "title_long": "The Secret Gift of Christmas (2023)",
        "slug": "the-secret-gift-of-christmas-2023",
        "year": 2023,
        "rating": 6.6,
        "runtime": 90,
        "genres": ["Action"],
        "summary": "",
        "description_full": "",
        "synopsis": "",
        "yt_trailer_code": "JEma3kAQdaE",
        "language": "en",
        "mpa_rating": "",
        "background_image": "https://yts.mx/assets/images/movies/the_secret_gift_of_christmas_2023/background.jpg",
        "background_image_original": "https://yts.mx/assets/images/movies/the_secret_gift_of_christmas_2023/background.jpg",
        "small_cover_image": "https://yts.mx/assets/images/movies/the_secret_gift_of_christmas_2023/small-cover.jpg",
        "medium_cover_image": "https://yts.mx/assets/images/movies/the_secret_gift_of_christmas_2023/medium-cover.jpg",
        "large_cover_image": "https://yts.mx/assets/images/movies/the_secret_gift_of_christmas_2023/large-cover.jpg",
        "state": "ok",
        "torrents": [
          {
            "url": "https://yts.mx/torrent/download/C847EF5A0EA38A49A6CD50A532FC21FE22B12CD2",
            "hash": "C847EF5A0EA38A49A6CD50A532FC21FE22B12CD2",
            "quality": "720p",
            "type": "web",
            "is_repack": "0",
            "video_codec": "x264",
            "bit_depth": "8",
            "audio_channels": "2.0",
            "seeds": 0,
            "peers": 0,
            "size": "772.46 MB",
            "size_bytes": 809983017,
            "date_uploaded": "2023-12-17 00:28:35",
            "date_uploaded_unix": 1702769315
          },
          {
            "url": "https://yts.mx/torrent/download/1DD5133950ADF3EF90DCC0793FEB8308EAE519E9",
            "hash": "1DD5133950ADF3EF90DCC0793FEB8308EAE519E9",
            "quality": "1080p",
            "type": "web",
            "is_repack": "0",
            "video_codec": "x264",
            "bit_depth": "8",
            "audio_channels": "5.1",
            "seeds": 100,
            "peers": 51,
            "size": "1.55 GB",
            "size_bytes": 1664299827,
            "date_uploaded": "2023-12-17 01:25:39",
            "date_uploaded_unix": 1702772739
          }
        ],
        "date_uploaded": "2023-12-17 00:28:35",
        "date_uploaded_unix": 1702769315
      },
      {
        "id": 58561,
        "url": "https://yts.mx/movies/squaring-the-circle-the-story-of-hipgnosis-2022",
        "imdb_code": "tt10850264",
        "title": "Squaring the Circle: The Story of Hipgnosis",
        "title_english": "Squaring the Circle: The Story of Hipgnosis",
        "title_long": "Squaring the Circle: The Story of Hipgnosis (2022)",
        "slug": "squaring-the-circle-the-story-of-hipgnosis-2022",
        "year": 2022,
        "rating": 7.8,
        "runtime": 101,
        "genres": ["Documentary"],
        "summary": "Celebrated photographer, creative director and filmmaker Anton Corbijn's first feature documentary SQUARING THE CIRCLE (the story of hipgnosis) tells the story of Storm Thorgerson and Aubrey \"Po\" Powell, the creative geniuses behind the iconic album art design studio, Hipgnosis, responsible for some of the most recognizable album covers of all time. They formed Hipgnosis in Cambridge during the ferment of the sixties and became rock royalty during the boom time of the seventies. They conjured into existence sights that no one had previously thought possible, produced visuals which popularized music that had previously been considered fringe, and were at the white-hot center of the maddest, funniest and most creative era in the history of popular music. During this period, record companies didn't dictate to acts like Peter Gabriel, Pink Floyd, Led Zeppelin and Paul McCartney what their LP covers should look like - Storm and Po did. They made money; they lost money. They did great things; they did silly things. They fell out bitterly; they made up. They never played a note, but they changed music. The film features brand new interviews with Roger Waters, David Gilmour and Nick Mason of Pink Floyd, Jimmy Page and Robert Plant of Led Zeppelin, Paul McCartney, Peter Gabriel, Graham Gouldman of 10cc, Noel Gallagher, and many more.—Trish D Chetty",
        "description_full": "Celebrated photographer, creative director and filmmaker Anton Corbijn's first feature documentary SQUARING THE CIRCLE (the story of hipgnosis) tells the story of Storm Thorgerson and Aubrey \"Po\" Powell, the creative geniuses behind the iconic album art design studio, Hipgnosis, responsible for some of the most recognizable album covers of all time. They formed Hipgnosis in Cambridge during the ferment of the sixties and became rock royalty during the boom time of the seventies. They conjured into existence sights that no one had previously thought possible, produced visuals which popularized music that had previously been considered fringe, and were at the white-hot center of the maddest, funniest and most creative era in the history of popular music. During this period, record companies didn't dictate to acts like Peter Gabriel, Pink Floyd, Led Zeppelin and Paul McCartney what their LP covers should look like - Storm and Po did. They made money; they lost money. They did great things; they did silly things. They fell out bitterly; they made up. They never played a note, but they changed music. The film features brand new interviews with Roger Waters, David Gilmour and Nick Mason of Pink Floyd, Jimmy Page and Robert Plant of Led Zeppelin, Paul McCartney, Peter Gabriel, Graham Gouldman of 10cc, Noel Gallagher, and many more.—Trish D Chetty",
        "synopsis": "Celebrated photographer, creative director and filmmaker Anton Corbijn's first feature documentary SQUARING THE CIRCLE (the story of hipgnosis) tells the story of Storm Thorgerson and Aubrey \"Po\" Powell, the creative geniuses behind the iconic album art design studio, Hipgnosis, responsible for some of the most recognizable album covers of all time. They formed Hipgnosis in Cambridge during the ferment of the sixties and became rock royalty during the boom time of the seventies. They conjured into existence sights that no one had previously thought possible, produced visuals which popularized music that had previously been considered fringe, and were at the white-hot center of the maddest, funniest and most creative era in the history of popular music. During this period, record companies didn't dictate to acts like Peter Gabriel, Pink Floyd, Led Zeppelin and Paul McCartney what their LP covers should look like - Storm and Po did. They made money; they lost money. They did great things; they did silly things. They fell out bitterly; they made up. They never played a note, but they changed music. The film features brand new interviews with Roger Waters, David Gilmour and Nick Mason of Pink Floyd, Jimmy Page and Robert Plant of Led Zeppelin, Paul McCartney, Peter Gabriel, Graham Gouldman of 10cc, Noel Gallagher, and many more.—Trish D Chetty",
        "yt_trailer_code": "O1OuRErYtqc",
        "language": "en",
        "mpa_rating": "",
        "background_image": "https://yts.mx/assets/images/movies/squaring_the_circle_the_story_of_hipgnosis_2022/background.jpg",
        "background_image_original": "https://yts.mx/assets/images/movies/squaring_the_circle_the_story_of_hipgnosis_2022/background.jpg",
        "small_cover_image": "https://yts.mx/assets/images/movies/squaring_the_circle_the_story_of_hipgnosis_2022/small-cover.jpg",
        "medium_cover_image": "https://yts.mx/assets/images/movies/squaring_the_circle_the_story_of_hipgnosis_2022/medium-cover.jpg",
        "large_cover_image": "https://yts.mx/assets/images/movies/squaring_the_circle_the_story_of_hipgnosis_2022/large-cover.jpg",
        "state": "ok",
        "torrents": [
          {
            "url": "https://yts.mx/torrent/download/6BC2B8A70FF8230A363221F82A6E0170F333FCBB",
            "hash": "6BC2B8A70FF8230A363221F82A6E0170F333FCBB",
            "quality": "720p",
            "type": "bluray",
            "is_repack": "0",
            "video_codec": "x264",
            "bit_depth": "8",
            "audio_channels": "2.0",
            "seeds": 100,
            "peers": 12,
            "size": "932.75 MB",
            "size_bytes": 978059264,
            "date_uploaded": "2023-12-16 13:05:44",
            "date_uploaded_unix": 1702728344
          },
          {
            "url": "https://yts.mx/torrent/download/18A528191A11F28DAFE1A11A71786D08A1A94869",
            "hash": "18A528191A11F28DAFE1A11A71786D08A1A94869",
            "quality": "1080p",
            "type": "bluray",
            "is_repack": "0",
            "video_codec": "x264",
            "bit_depth": "8",
            "audio_channels": "5.1",
            "seeds": 100,
            "peers": 35,
            "size": "1.87 GB",
            "size_bytes": 2007897211,
            "date_uploaded": "2023-12-16 14:06:56",
            "date_uploaded_unix": 1702732016
          }
        ],
        "date_uploaded": "2023-12-16 13:05:44",
        "date_uploaded_unix": 1702728344
      },
      {
        "id": 58560,
        "url": "https://yts.mx/movies/io-capitano-2023",
        "imdb_code": "tt14225838",
        "title": "Io Capitano",
        "title_english": "Io Capitano",
        "title_long": "Io Capitano (2023)",
        "slug": "io-capitano-2023",
        "year": 2023,
        "rating": 7.7,
        "runtime": 121,
        "genres": ["Drama"],
        "summary": "",
        "description_full": "",
        "synopsis": "",
        "yt_trailer_code": "MyQUOeS4Vlg",
        "language": "wo",
        "mpa_rating": "",
        "background_image": "https://yts.mx/assets/images/movies/io_capitano_2023/background.jpg",
        "background_image_original": "https://yts.mx/assets/images/movies/io_capitano_2023/background.jpg",
        "small_cover_image": "https://yts.mx/assets/images/movies/io_capitano_2023/small-cover.jpg",
        "medium_cover_image": "https://yts.mx/assets/images/movies/io_capitano_2023/medium-cover.jpg",
        "large_cover_image": "https://yts.mx/assets/images/movies/io_capitano_2023/large-cover.jpg",
        "state": "ok",
        "torrents": [
          {
            "url": "https://yts.mx/torrent/download/A31E1321E73D6B7AA1CC6AC081A3FA327098A465",
            "hash": "A31E1321E73D6B7AA1CC6AC081A3FA327098A465",
            "quality": "720p",
            "type": "web",
            "is_repack": "0",
            "video_codec": "x264",
            "bit_depth": "8",
            "audio_channels": "2.0",
            "seeds": 100,
            "peers": 48,
            "size": "1.09 GB",
            "size_bytes": 1170378588,
            "date_uploaded": "2023-12-16 11:06:52",
            "date_uploaded_unix": 1702721212
          },
          {
            "url": "https://yts.mx/torrent/download/0B48D5FC06EC47C9C8B475C6AE3413A27C03B9B6",
            "hash": "0B48D5FC06EC47C9C8B475C6AE3413A27C03B9B6",
            "quality": "1080p",
            "type": "web",
            "is_repack": "0",
            "video_codec": "x264",
            "bit_depth": "8",
            "audio_channels": "2.0",
            "seeds": 100,
            "peers": 32,
            "size": "2.03 GB",
            "size_bytes": 2179695903,
            "date_uploaded": "2023-12-16 12:29:20",
            "date_uploaded_unix": 1702726160
          },
          {
            "url": "https://yts.mx/torrent/download/FDADD64024CE71B0C2891D773D3C960064B2D267",
            "hash": "FDADD64024CE71B0C2891D773D3C960064B2D267",
            "quality": "1080p",
            "type": "web",
            "is_repack": "0",
            "video_codec": "x265",
            "bit_depth": "10",
            "audio_channels": "2.0",
            "seeds": 0,
            "peers": 0,
            "size": "2.33 GB",
            "size_bytes": 2501818450,
            "date_uploaded": "2023-12-18 03:59:37",
            "date_uploaded_unix": 1702868377
          }
        ],
        "date_uploaded": "2023-12-16 11:06:52",
        "date_uploaded_unix": 1702721212
      },
      {
        "id": 58559,
        "url": "https://yts.mx/movies/assignment-k-1968",
        "imdb_code": "tt0062683",
        "title": "Assignment K",
        "title_english": "Assignment K",
        "title_long": "Assignment K (1968)",
        "slug": "assignment-k-1968",
        "year": 1968,
        "rating": 5.4,
        "runtime": 97,
        "genres": ["Action", "Crime", "Drama", "Thriller"],
        "summary": "Philip Scott (Stephen Boyd), head of a successful toy company, is also secretly the head of a British spy unit. When his cover is blown, enemy agents kidnap his girlfriend to force him to reveal the identities of his operatives.—Daniel Frankham",
        "description_full": "Philip Scott (Stephen Boyd), head of a successful toy company, is also secretly the head of a British spy unit. When his cover is blown, enemy agents kidnap his girlfriend to force him to reveal the identities of his operatives.—Daniel Frankham",
        "synopsis": "Philip Scott (Stephen Boyd), head of a successful toy company, is also secretly the head of a British spy unit. When his cover is blown, enemy agents kidnap his girlfriend to force him to reveal the identities of his operatives.—Daniel Frankham",
        "yt_trailer_code": "14lGiLoAXEw",
        "language": "en",
        "mpa_rating": "",
        "background_image": "https://yts.mx/assets/images/movies/assignment_k_1968/background.jpg",
        "background_image_original": "https://yts.mx/assets/images/movies/assignment_k_1968/background.jpg",
        "small_cover_image": "https://yts.mx/assets/images/movies/assignment_k_1968/small-cover.jpg",
        "medium_cover_image": "https://yts.mx/assets/images/movies/assignment_k_1968/medium-cover.jpg",
        "large_cover_image": "https://yts.mx/assets/images/movies/assignment_k_1968/large-cover.jpg",
        "state": "ok",
        "torrents": [
          {
            "url": "https://yts.mx/torrent/download/3348A8C946406D8A54B5FEDCAC53EB56EEAD6560",
            "hash": "3348A8C946406D8A54B5FEDCAC53EB56EEAD6560",
            "quality": "720p",
            "type": "bluray",
            "is_repack": "0",
            "video_codec": "x264",
            "bit_depth": "8",
            "audio_channels": "2.0",
            "seeds": 45,
            "peers": 10,
            "size": "892.51 MB",
            "size_bytes": 935864566,
            "date_uploaded": "2023-12-16 06:28:39",
            "date_uploaded_unix": 1702704519
          },
          {
            "url": "https://yts.mx/torrent/download/62538D2C8FA7E62A8C5FD48600731B4DAD08CB7A",
            "hash": "62538D2C8FA7E62A8C5FD48600731B4DAD08CB7A",
            "quality": "1080p",
            "type": "bluray",
            "is_repack": "0",
            "video_codec": "x264",
            "bit_depth": "8",
            "audio_channels": "2.0",
            "seeds": 74,
            "peers": 20,
            "size": "1.62 GB",
            "size_bytes": 1739461755,
            "date_uploaded": "2023-12-16 07:33:00",
            "date_uploaded_unix": 1702708380
          }
        ],
        "date_uploaded": "2023-12-16 06:28:39",
        "date_uploaded_unix": 1702704519
      },
      {
        "id": 58558,
        "url": "https://yts.mx/movies/the-man-in-half-moon-street-1945",
        "imdb_code": "tt0037046",
        "title": "The Man in Half Moon Street",
        "title_english": "The Man in Half Moon Street",
        "title_long": "The Man in Half Moon Street (1945)",
        "slug": "the-man-in-half-moon-street-1945",
        "year": 1945,
        "rating": 6,
        "runtime": 92,
        "genres": [
          "Drama",
          "Film-Noir",
          "Horror",
          "Romance",
          "Sci-Fi",
          "Thriller"
        ],
        "summary": "",
        "description_full": "",
        "synopsis": "",
        "yt_trailer_code": "",
        "language": "en",
        "mpa_rating": "",
        "background_image": "https://yts.mx/assets/images/movies/the_man_in_half_moon_street_1945/background.jpg",
        "background_image_original": "https://yts.mx/assets/images/movies/the_man_in_half_moon_street_1945/background.jpg",
        "small_cover_image": "https://yts.mx/assets/images/movies/the_man_in_half_moon_street_1945/small-cover.jpg",
        "medium_cover_image": "https://yts.mx/assets/images/movies/the_man_in_half_moon_street_1945/medium-cover.jpg",
        "large_cover_image": "https://yts.mx/assets/images/movies/the_man_in_half_moon_street_1945/large-cover.jpg",
        "state": "ok",
        "torrents": [
          {
            "url": "https://yts.mx/torrent/download/472FEFEFA7FBF4717671E53DEF5A43E0AD5CFD4C",
            "hash": "472FEFEFA7FBF4717671E53DEF5A43E0AD5CFD4C",
            "quality": "720p",
            "type": "bluray",
            "is_repack": "0",
            "video_codec": "x264",
            "bit_depth": "8",
            "audio_channels": "2.0",
            "seeds": 41,
            "peers": 12,
            "size": "848.84 MB",
            "size_bytes": 890073252,
            "date_uploaded": "2023-12-16 07:10:54",
            "date_uploaded_unix": 1702707054
          },
          {
            "url": "https://yts.mx/torrent/download/55EBBF6676B553D20AC50060487AB95A28697500",
            "hash": "55EBBF6676B553D20AC50060487AB95A28697500",
            "quality": "1080p",
            "type": "bluray",
            "is_repack": "0",
            "video_codec": "x264",
            "bit_depth": "8",
            "audio_channels": "2.0",
            "seeds": 81,
            "peers": 13,
            "size": "1.54 GB",
            "size_bytes": 1653562409,
            "date_uploaded": "2023-12-16 08:11:54",
            "date_uploaded_unix": 1702710714
          }
        ],
        "date_uploaded": "2023-12-16 07:10:54",
        "date_uploaded_unix": 1702707054
      },
      {
        "id": 58557,
        "url": "https://yts.mx/movies/island-of-doomed-men-1940",
        "imdb_code": "tt0032641",
        "title": "Island of Doomed Men",
        "title_english": "Island of Doomed Men",
        "title_long": "Island of Doomed Men (1940)",
        "slug": "island-of-doomed-men-1940",
        "year": 1940,
        "rating": 5.8,
        "runtime": 68,
        "genres": ["Crime", "Drama", "Thriller"],
        "summary": "Sadistic Stephen Danel owns a penal island, and when he is not humiliating and mistreating his wife, he is torturing his convict prisoners and using them for slave labor. Government agent Mark Sheldon is sent to infiltrate the island and bring Danel to justice.—Ken Yousten",
        "description_full": "Sadistic Stephen Danel owns a penal island, and when he is not humiliating and mistreating his wife, he is torturing his convict prisoners and using them for slave labor. Government agent Mark Sheldon is sent to infiltrate the island and bring Danel to justice.—Ken Yousten",
        "synopsis": "Sadistic Stephen Danel owns a penal island, and when he is not humiliating and mistreating his wife, he is torturing his convict prisoners and using them for slave labor. Government agent Mark Sheldon is sent to infiltrate the island and bring Danel to justice.—Ken Yousten",
        "yt_trailer_code": "",
        "language": "en",
        "mpa_rating": "",
        "background_image": "https://yts.mx/assets/images/movies/island_of_doomed_men_1940/background.jpg",
        "background_image_original": "https://yts.mx/assets/images/movies/island_of_doomed_men_1940/background.jpg",
        "small_cover_image": "https://yts.mx/assets/images/movies/island_of_doomed_men_1940/small-cover.jpg",
        "medium_cover_image": "https://yts.mx/assets/images/movies/island_of_doomed_men_1940/medium-cover.jpg",
        "large_cover_image": "https://yts.mx/assets/images/movies/island_of_doomed_men_1940/large-cover.jpg",
        "state": "ok",
        "torrents": [
          {
            "url": "https://yts.mx/torrent/download/10872BDA792534BEEB2F23EDDE62972CBFE8A168",
            "hash": "10872BDA792534BEEB2F23EDDE62972CBFE8A168",
            "quality": "720p",
            "type": "bluray",
            "is_repack": "0",
            "video_codec": "x264",
            "bit_depth": "8",
            "audio_channels": "2.0",
            "seeds": 40,
            "peers": 3,
            "size": "618.53 MB",
            "size_bytes": 648575713,
            "date_uploaded": "2023-12-16 05:41:58",
            "date_uploaded_unix": 1702701718
          },
          {
            "url": "https://yts.mx/torrent/download/01C89C1933044363873068FEE5B07FA05AF23E4A",
            "hash": "01C89C1933044363873068FEE5B07FA05AF23E4A",
            "quality": "1080p",
            "type": "bluray",
            "is_repack": "0",
            "video_codec": "x264",
            "bit_depth": "8",
            "audio_channels": "2.0",
            "seeds": 77,
            "peers": 12,
            "size": "1.12 GB",
            "size_bytes": 1202590843,
            "date_uploaded": "2023-12-16 06:26:56",
            "date_uploaded_unix": 1702704416
          }
        ],
        "date_uploaded": "2023-12-16 05:41:58",
        "date_uploaded_unix": 1702701718
      }
    ]
  },
  "@meta": {
    "server_time": 1702896801,
    "server_timezone": "CET",
    "api_version": 2,
    "execution_time": "0 ms"
  }
}
