[
  {
    "id": 1,
    "src": "https://images.unsplash.com/photo-1682685797818-c9dc151d241e?w=400&auto=format&fit=crop&q=60&ixlib=rb-4.0.3&ixid=M3wxMjA3fDF8MHxlZGl0b3JpYWwtZmVlZHwxfHx8ZW58MHx8fHx8"
  },
  {
    "id": 2,
    "src": "https://images.unsplash.com/photo-1704137893004-353622b7ab14?w=400&auto=format&fit=crop&q=60&ixlib=rb-4.0.3&ixid=M3wxMjA3fDB8MHxlZGl0b3JpYWwtZmVlZHwzfHx8ZW58MHx8fHx8"
  },
  {
    "id": 3,
    "src": "https://plus.unsplash.com/premium_photo-1680125272616-3ae76a9f4f84?w=400&auto=format&fit=crop&q=60&ixlib=rb-4.0.3&ixid=M3wxMjA3fDB8MHxlZGl0b3JpYWwtZmVlZHw3fHx8ZW58MHx8fHx8"
  },
  {
    "id": 4,
    "src": "https://images.unsplash.com/photo-1704251359909-f2e9a99e3196?w=400&auto=format&fit=crop&q=60&ixlib=rb-4.0.3&ixid=M3wxMjA3fDB8MHxlZGl0b3JpYWwtZmVlZHw4fHx8ZW58MHx8fHx8"
  }
]
